/* Таблица поставщиков */
CREATE TABLE PROVIDERS
(
PROVIDER VARCHAR(20) NOT NULL,
ADRESS VARCHAR(100) NOT NULL,
PHONE VARCHAR(15) NOT NULL,
);
ALTER TABLE PROVIDERS
ADD CONSTRAINT PROVIDERS_PK PRIMARY KEY (PROVIDER);
--DROP TABLE PROVIDERS;



/* Таблица продукции */
CREATE TABLE PRODUCTS
(
NUMBER INT NOT NULL,
PRODUCT VARCHAR(200) NOT NULL,
QUANTITY_SHOP INT,
);
ALTER TABLE PRODUCTS
ADD CONSTRAINT PRODUCTS_PK PRIMARY KEY (NUMBER);
--DROP TABLE PRODUCTS;



/* Таблица заказов */
CREATE TABLE ORDERSS
(
NUMBER INT NOT NULL,
PROVIDER VARCHAR(20) NOT NULL,
PRODUCT VARCHAR(200) NOT NULL,
DATE VARCHAR(15) NOT NULL,
PRICE MONEY,
QUANTITY INT,
CUSTOMER VARCHAR(100) NOT NULL,
);
--DROP TABLE ORDERSS;
ALTER TABLE ORDERSS
  ADD CONSTRAINT ORDERSS_PROVIDER_FK FOREIGN KEY (PROVIDER)
  REFERENCES PROVIDERS (PROVIDER);
ALTER TABLE ORDERSS
  ADD CONSTRAINT ORDERSS_NUMBER_FK FOREIGN KEY (NUMBER)
  REFERENCES PRODUCTS (NUMBER);


/* Таблица цен*/
CREATE TABLE PRICE
(
PROVIDER VARCHAR(20) NOT NULL,
PRODUCT VARCHAR(200) NOT NULL,
NUMBER INT NOT NULL,
PRICE MONEY,
);
--DROP TABLE PRICE;
ALTER TABLE PRICE
  ADD CONSTRAINT PRICE_NUMBER_FK FOREIGN KEY (NUMBER)
  REFERENCES PRODUCTS (NUMBER);
ALTER TABLE PRICE
  ADD CONSTRAINT PRICE_PROVIDER_FK FOREIGN KEY (PROVIDER)
  REFERENCES PROVIDERS (PROVIDER);



INSERT INTO PROVIDERS VALUES ('ООО Колесо','ул. Калинина, 5','+375295685667');
INSERT INTO PROVIDERS VALUES ('ООО Руль','ул. Минина, 3','+375299687453');
INSERT INTO PROVIDERS VALUES ('ООО Коленвал','ул. Сурганова, 67','+375295644447');

INSERT INTO PRODUCTS VALUES (1434,'Колесо',5);
INSERT INTO PRODUCTS VALUES (1614,'Руль',8);
INSERT INTO PRODUCTS VALUES (1734,'Дверь',3);

INSERT INTO PRICE VALUES ('ООО Колесо','Колесо',1434,200);
INSERT INTO PRICE VALUES ('ООО Руль','Руль',1614,500);
INSERT INTO PRICE VALUES ('ООО Коленвал','Дверь',1734,400);

INSERT INTO ORDERSS VALUES (1434,'ООО Колесо','Колесо','2020-12-01',200,3,'Дед Мороз');
INSERT INTO ORDERSS VALUES (1614,'ООО Руль','Руль','2020-09-24',400,5,'Иванов');
INSERT INTO ORDERSS VALUES (1734,'ООО Коленвал','Дверь','2020-03-071',800,7,'Яша');